InvestorID,Name,Age,MonthlyIncome
INV0001,Investor_1,50,44065
INV0002,Investor_2,36,149097
INV0003,Investor_3,29,108460
INV0004,Investor_4,42,113092
INV0005,Investor_5,40,79693
INV0006,Investor_6,44,51962
INV0007,Investor_7,32,53295
INV0008,Investor_8,32,38807
INV0009,Investor_9,45,67348
INV0010,Investor_10,57,51432
INV0011,Investor_11,45,108285
INV0012,Investor_12,24,131995
INV0013,Investor_13,43,116792
INV0014,Investor_14,23,82854
INV0015,Investor_15,45,65262
INV0016,Investor_16,51,62080
INV0017,Investor_17,59,26324
INV0018,Investor_18,23,116267
INV0019,Investor_19,42,149707
INV0020,Investor_20,54,60909
INV0021,Investor_21,33,114339
INV0022,Investor_22,43,44870
INV0023,Investor_23,46,59578
INV0024,Investor_24,48,97124
INV0025,Investor_25,49,142611
INV0026,Investor_26,37,128605
INV0027,Investor_27,36,51790
INV0028,Investor_28,24,143874
INV0029,Investor_29,58,50289
INV0030,Investor_30,28,80129
INV0031,Investor_31,42,118714
INV0032,Investor_32,30,119246
INV0033,Investor_33,39,40485
INV0034,Investor_34,25,69482
INV0035,Investor_35,46,111188
INV0036,Investor_36,35,29748
INV0037,Investor_37,30,111769
INV0038,Investor_38,47,34435
INV0039,Investor_39,23,28709
INV0040,Investor_40,41,148961
INV0041,Investor_41,49,55355
INV0042,Investor_42,28,80771
INV0043,Investor_43,29,82799
INV0044,Investor_44,56,38116
INV0045,Investor_45,35,50470
INV0046,Investor_46,38,67344
INV0047,Investor_47,57,67918
INV0048,Investor_48,25,77224
INV0049,Investor_49,23,64298
INV0050,Investor_50,27,133492
INV0051,Investor_51,25,105219
INV0052,Investor_52,50,86629
INV0053,Investor_53,39,91040
INV0054,Investor_54,47,124518
INV0055,Investor_55,55,124835
INV0056,Investor_56,31,53016
INV0057,Investor_57,57,48960
INV0058,Investor_58,35,58591
INV0059,Investor_59,52,107848
INV0060,Investor_60,36,128333
INV0061,Investor_61,29,136732
INV0062,Investor_62,35,139821
INV0063,Investor_63,44,92641
INV0064,Investor_64,42,61395
INV0065,Investor_65,37,136276
INV0066,Investor_66,39,47700
INV0067,Investor_67,45,59620
INV0068,Investor_68,47,128214
INV0069,Investor_69,46,45559
INV0070,Investor_70,50,118045
INV0071,Investor_71,36,118396
INV0072,Investor_72,22,86642
INV0073,Investor_73,46,101539
INV0074,Investor_74,28,46732
INV0075,Investor_75,30,116362
INV0076,Investor_76,45,55354
INV0077,Investor_77,22,38843
INV0078,Investor_78,29,135008
INV0079,Investor_79,45,139065
INV0080,Investor_80,32,96726
INV0081,Investor_81,38,42640
INV0082,Investor_82,29,77528
INV0083,Investor_83,56,63413
INV0084,Investor_84,56,77638
INV0085,Investor_85,54,77736
INV0086,Investor_86,26,132892
INV0087,Investor_87,49,135133
INV0088,Investor_88,28,131357
INV0089,Investor_89,30,93866
INV0090,Investor_90,29,44087
INV0091,Investor_91,33,66430
INV0092,Investor_92,55,49504
INV0093,Investor_93,54,32114
INV0094,Investor_94,44,103859
INV0095,Investor_95,45,124657
INV0096,Investor_96,58,35975
INV0097,Investor_97,56,36023
INV0098,Investor_98,43,46447
INV0099,Investor_99,48,115469
INV0100,Investor_100,56,48959
INV0101,Investor_101,22,91203
INV0102,Investor_102,56,144156
INV0103,Investor_103,58,54703
INV0104,Investor_104,35,34337
INV0105,Investor_105,24,71427
INV0106,Investor_106,22,146507
INV0107,Investor_107,26,86529
INV0108,Investor_108,47,127023
INV0109,Investor_109,35,109665
INV0110,Investor_110,48,130787
INV0111,Investor_111,30,56921
INV0112,Investor_112,36,58307
INV0113,Investor_113,36,52355
INV0114,Investor_114,47,128268
INV0115,Investor_115,34,29835
INV0116,Investor_116,53,45159
INV0117,Investor_117,53,129346
INV0118,Investor_118,25,72605
INV0119,Investor_119,51,146790
INV0120,Investor_120,58,130616
INV0121,Investor_121,44,63088
INV0122,Investor_122,36,103752
INV0123,Investor_123,50,80284
INV0124,Investor_124,57,82043
INV0125,Investor_125,34,60547
INV0126,Investor_126,53,122007
INV0127,Investor_127,28,107844
INV0128,Investor_128,43,52532
INV0129,Investor_129,49,59349
INV0130,Investor_130,23,147402
INV0131,Investor_131,27,143012
INV0132,Investor_132,49,70445
INV0133,Investor_133,49,30713
INV0134,Investor_134,41,81178
INV0135,Investor_135,51,74407
INV0136,Investor_136,32,95340
INV0137,Investor_137,49,75990
INV0138,Investor_138,46,100672
INV0139,Investor_139,54,90545
INV0140,Investor_140,22,109791
INV0141,Investor_141,48,83141
INV0142,Investor_142,34,48793
INV0143,Investor_143,24,81570
INV0144,Investor_144,27,120084
INV0145,Investor_145,29,62892
INV0146,Investor_146,48,26015
INV0147,Investor_147,30,149704
INV0148,Investor_148,58,86813
INV0149,Investor_149,54,52712
INV0150,Investor_150,45,125497
INV0151,Investor_151,36,33415
INV0152,Investor_152,53,136854
INV0153,Investor_153,53,137816
INV0154,Investor_154,45,87292
INV0155,Investor_155,33,48833
INV0156,Investor_156,23,29158
INV0157,Investor_157,24,87680
INV0158,Investor_158,58,45309
INV0159,Investor_159,38,31970
INV0160,Investor_160,23,97474
INV0161,Investor_161,23,111704
INV0162,Investor_162,49,71540
INV0163,Investor_163,44,45384
INV0164,Investor_164,58,43017
INV0165,Investor_165,53,100880
INV0166,Investor_166,54,130570
INV0167,Investor_167,22,33702
INV0168,Investor_168,40,25384
INV0169,Investor_169,23,25404
INV0170,Investor_170,47,65943
INV0171,Investor_171,53,72926
INV0172,Investor_172,27,54189
INV0173,Investor_173,53,37763
INV0174,Investor_174,25,43384
INV0175,Investor_175,32,85100
INV0176,Investor_176,38,123142
INV0177,Investor_177,59,34860
INV0178,Investor_178,45,129293
INV0179,Investor_179,26,105642
INV0180,Investor_180,55,75612
INV0181,Investor_181,27,48574
INV0182,Investor_182,43,48524
INV0183,Investor_183,32,94172
INV0184,Investor_184,37,35916
INV0185,Investor_185,54,29809
INV0186,Investor_186,30,57201
INV0187,Investor_187,27,78330
INV0188,Investor_188,37,38456
INV0189,Investor_189,50,138748
INV0190,Investor_190,24,81397
INV0191,Investor_191,41,146288
INV0192,Investor_192,57,63765
INV0193,Investor_193,40,59816
INV0194,Investor_194,47,70106
INV0195,Investor_195,24,78932
INV0196,Investor_196,40,42100
INV0197,Investor_197,41,82091
INV0198,Investor_198,53,46949
INV0199,Investor_199,28,95080
INV0200,Investor_200,54,62744
INV0201,Investor_201,39,70543
INV0202,Investor_202,22,133319
INV0203,Investor_203,32,117193
INV0204,Investor_204,49,61187
INV0205,Investor_205,46,137734
INV0206,Investor_206,44,32239
INV0207,Investor_207,52,149454
INV0208,Investor_208,51,39489
INV0209,Investor_209,56,139937
INV0210,Investor_210,28,83017
INV0211,Investor_211,37,86877
INV0212,Investor_212,47,68125
INV0213,Investor_213,23,74922
INV0214,Investor_214,22,119074
INV0215,Investor_215,33,57049
INV0216,Investor_216,26,62131
INV0217,Investor_217,58,67944
INV0218,Investor_218,53,140765
INV0219,Investor_219,30,98963
INV0220,Investor_220,56,131884
INV0221,Investor_221,40,49285
INV0222,Investor_222,37,62626
INV0223,Investor_223,24,67808
INV0224,Investor_224,41,113464
INV0225,Investor_225,45,78871
INV0226,Investor_226,54,44198
INV0227,Investor_227,45,44758
INV0228,Investor_228,32,40254
INV0229,Investor_229,29,69238
INV0230,Investor_230,57,26252
INV0231,Investor_231,59,64764
INV0232,Investor_232,41,102709
INV0233,Investor_233,56,62441
INV0234,Investor_234,46,117234
INV0235,Investor_235,56,78682
INV0236,Investor_236,46,84494
INV0237,Investor_237,50,106317
INV0238,Investor_238,39,90215
INV0239,Investor_239,39,103587
INV0240,Investor_240,23,130185
INV0241,Investor_241,56,31949
INV0242,Investor_242,37,132825
INV0243,Investor_243,57,80393
INV0244,Investor_244,54,98553
INV0245,Investor_245,25,31941
INV0246,Investor_246,54,50934
INV0247,Investor_247,35,48386
INV0248,Investor_248,42,86886
INV0249,Investor_249,41,100745
INV0250,Investor_250,29,108251
INV0251,Investor_251,28,119456
INV0252,Investor_252,24,78413
INV0253,Investor_253,38,81800
INV0254,Investor_254,54,122239
INV0255,Investor_255,33,67318
INV0256,Investor_256,43,144803
INV0257,Investor_257,43,95173
INV0258,Investor_258,51,95390
INV0259,Investor_259,59,77329
INV0260,Investor_260,59,147418
INV0261,Investor_261,29,68088
INV0262,Investor_262,48,141868
INV0263,Investor_263,48,128196
INV0264,Investor_264,55,64811
INV0265,Investor_265,42,139825
INV0266,Investor_266,51,80479
INV0267,Investor_267,54,110392
INV0268,Investor_268,49,112369
INV0269,Investor_269,54,142520
INV0270,Investor_270,26,44963
INV0271,Investor_271,40,80123
INV0272,Investor_272,25,127468
INV0273,Investor_273,56,117705
INV0274,Investor_274,38,98477
INV0275,Investor_275,49,39388
INV0276,Investor_276,51,30569
INV0277,Investor_277,50,94836
INV0278,Investor_278,27,129573
INV0279,Investor_279,56,61586
INV0280,Investor_280,58,37015
INV0281,Investor_281,45,70002
INV0282,Investor_282,50,141594
INV0283,Investor_283,52,31254
INV0284,Investor_284,56,42144
INV0285,Investor_285,54,49214
INV0286,Investor_286,42,130654
INV0287,Investor_287,53,105719
INV0288,Investor_288,44,96774
INV0289,Investor_289,54,31090
INV0290,Investor_290,24,36637
INV0291,Investor_291,39,47415
INV0292,Investor_292,46,49071
INV0293,Investor_293,52,83243
INV0294,Investor_294,24,135951
INV0295,Investor_295,45,133215
INV0296,Investor_296,53,66240
INV0297,Investor_297,43,108807
INV0298,Investor_298,44,126570
INV0299,Investor_299,23,58434
INV0300,Investor_300,48,94724
INV0301,Investor_301,23,140359
INV0302,Investor_302,47,100697
INV0303,Investor_303,38,53732
INV0304,Investor_304,54,146465
INV0305,Investor_305,30,36314
INV0306,Investor_306,50,48954
INV0307,Investor_307,47,82108
INV0308,Investor_308,56,112044
INV0309,Investor_309,46,112505
INV0310,Investor_310,45,136195
INV0311,Investor_311,34,128081
INV0312,Investor_312,28,61668
INV0313,Investor_313,57,48061
INV0314,Investor_314,41,104252
INV0315,Investor_315,22,64749
INV0316,Investor_316,29,129680
INV0317,Investor_317,37,41907
INV0318,Investor_318,35,43777
INV0319,Investor_319,33,118229
INV0320,Investor_320,44,76745
INV0321,Investor_321,36,133464
INV0322,Investor_322,49,116865
INV0323,Investor_323,55,137428
INV0324,Investor_324,23,106818
INV0325,Investor_325,53,48624
INV0326,Investor_326,44,48321
INV0327,Investor_327,43,35488
INV0328,Investor_328,46,47574
INV0329,Investor_329,43,30240
INV0330,Investor_330,43,68221
INV0331,Investor_331,27,35478
INV0332,Investor_332,36,80645
INV0333,Investor_333,58,135698
INV0334,Investor_334,54,44262
INV0335,Investor_335,29,143831
INV0336,Investor_336,26,77796
INV0337,Investor_337,25,29432
INV0338,Investor_338,27,120257
INV0339,Investor_339,53,89291
INV0340,Investor_340,51,104104
INV0341,Investor_341,56,84399
INV0342,Investor_342,37,104714
INV0343,Investor_343,34,75428
INV0344,Investor_344,51,112731
INV0345,Investor_345,40,25302
INV0346,Investor_346,38,107558
INV0347,Investor_347,40,25055
INV0348,Investor_348,49,136317
INV0349,Investor_349,47,33717
INV0350,Investor_350,58,53699
INV0351,Investor_351,47,98686
INV0352,Investor_352,44,92661
INV0353,Investor_353,30,69247
INV0354,Investor_354,33,139049
INV0355,Investor_355,22,41748
INV0356,Investor_356,22,130113
INV0357,Investor_357,55,29621
INV0358,Investor_358,53,40034
INV0359,Investor_359,46,136927
INV0360,Investor_360,22,30126
INV0361,Investor_361,37,30122
INV0362,Investor_362,26,43030
INV0363,Investor_363,43,107838
INV0364,Investor_364,50,109717
INV0365,Investor_365,24,80658
INV0366,Investor_366,33,63638
INV0367,Investor_367,47,92067
INV0368,Investor_368,37,131476
INV0369,Investor_369,58,143033
INV0370,Investor_370,43,130977
INV0371,Investor_371,50,113869
INV0372,Investor_372,35,130186
INV0373,Investor_373,49,59674
INV0374,Investor_374,26,60854
INV0375,Investor_375,51,71271
INV0376,Investor_376,26,98688
INV0377,Investor_377,33,63518
INV0378,Investor_378,37,136076
INV0379,Investor_379,47,35267
INV0380,Investor_380,47,115825
INV0381,Investor_381,42,26062
INV0382,Investor_382,57,141664
INV0383,Investor_383,54,75448
INV0384,Investor_384,51,120462
INV0385,Investor_385,58,31229
INV0386,Investor_386,44,81793
INV0387,Investor_387,31,139813
INV0388,Investor_388,26,72915
INV0389,Investor_389,57,29632
INV0390,Investor_390,55,129592
INV0391,Investor_391,52,28596
INV0392,Investor_392,31,134779
INV0393,Investor_393,40,31168
INV0394,Investor_394,53,133099
INV0395,Investor_395,22,32561
INV0396,Investor_396,26,98794
INV0397,Investor_397,25,107152
INV0398,Investor_398,37,149049
INV0399,Investor_399,45,51734
INV0400,Investor_400,37,31371
INV0401,Investor_401,23,143894
INV0402,Investor_402,49,51069
INV0403,Investor_403,53,104905
INV0404,Investor_404,48,37910
INV0405,Investor_405,41,98479
INV0406,Investor_406,45,102735
INV0407,Investor_407,33,106264
INV0408,Investor_408,56,48275
INV0409,Investor_409,54,97274
INV0410,Investor_410,54,106449
INV0411,Investor_411,58,125776
INV0412,Investor_412,33,85004
INV0413,Investor_413,24,87981
INV0414,Investor_414,22,109659
INV0415,Investor_415,54,79553
INV0416,Investor_416,31,73447
INV0417,Investor_417,50,59529
INV0418,Investor_418,34,100703
INV0419,Investor_419,33,101090
INV0420,Investor_420,52,42260
INV0421,Investor_421,23,137581
INV0422,Investor_422,56,28812
INV0423,Investor_423,44,53024
INV0424,Investor_424,38,83656
INV0425,Investor_425,47,141148
INV0426,Investor_426,29,52285
INV0427,Investor_427,50,117436
INV0428,Investor_428,47,141421
INV0429,Investor_429,31,26605
INV0430,Investor_430,47,96158
INV0431,Investor_431,55,97303
INV0432,Investor_432,28,52139
INV0433,Investor_433,25,102149
INV0434,Investor_434,32,81138
INV0435,Investor_435,50,143205
INV0436,Investor_436,57,101125
INV0437,Investor_437,46,38918
INV0438,Investor_438,42,110655
INV0439,Investor_439,57,52446
INV0440,Investor_440,31,149040
INV0441,Investor_441,58,38046
INV0442,Investor_442,30,49818
INV0443,Investor_443,45,125894
INV0444,Investor_444,56,140751
INV0445,Investor_445,56,29324
INV0446,Investor_446,57,101323
INV0447,Investor_447,39,34111
INV0448,Investor_448,53,63110
INV0449,Investor_449,45,41389
INV0450,Investor_450,44,147177
INV0451,Investor_451,53,66427
INV0452,Investor_452,58,104579
INV0453,Investor_453,33,53746
INV0454,Investor_454,34,147883
INV0455,Investor_455,44,112886
INV0456,Investor_456,46,132141
INV0457,Investor_457,56,25117
INV0458,Investor_458,51,137221
INV0459,Investor_459,38,109471
INV0460,Investor_460,41,137613
INV0461,Investor_461,46,38234
INV0462,Investor_462,43,128864
INV0463,Investor_463,34,78441
INV0464,Investor_464,40,25846
INV0465,Investor_465,57,35954
INV0466,Investor_466,33,104239
INV0467,Investor_467,40,138689
INV0468,Investor_468,33,71514
INV0469,Investor_469,30,113236
INV0470,Investor_470,28,122579
INV0471,Investor_471,49,31469
INV0472,Investor_472,35,55105
INV0473,Investor_473,52,67101
INV0474,Investor_474,40,89323
INV0475,Investor_475,37,116922
INV0476,Investor_476,26,83067
INV0477,Investor_477,56,74376
INV0478,Investor_478,33,70587
INV0479,Investor_479,46,61976
INV0480,Investor_480,42,129587
INV0481,Investor_481,57,92584
INV0482,Investor_482,44,129537
INV0483,Investor_483,37,103477
INV0484,Investor_484,35,135911
INV0485,Investor_485,52,67533
INV0486,Investor_486,26,26828
INV0487,Investor_487,56,26917
INV0488,Investor_488,44,45618
INV0489,Investor_489,50,57254
INV0490,Investor_490,32,130292
INV0491,Investor_491,39,141714
INV0492,Investor_492,33,72362
INV0493,Investor_493,30,45128
INV0494,Investor_494,31,148781
INV0495,Investor_495,38,136281
INV0496,Investor_496,59,84383
INV0497,Investor_497,28,90545
INV0498,Investor_498,34,107180
INV0499,Investor_499,30,112958
INV0500,Investor_500,48,34865
